id,original_name
36,Art
4,Art Grade 1
34,English Reading
2,English Grade 1
33,Mathematics
1,Mathematics Grade 1
35,Science
3,Science Grade 1
6,English Grade 2
5,Mathematics Grade 2
7,Science Grade 2
8,Social Studies Grade 2
10,English Grade 3
12,History Grade 3
9,Mathematics Grade 3
11,Science Grade 3
14,English Grade 4
16,Geography Grade 4
13,Mathematics Grade 4
15,Science Grade 4
20,Biology Grade 5
18,English Grade 5
17,Mathematics Grade 5
19,Science Grade 5
22,English Grade 6
21,Mathematics Grade 6
24,Physics Grade 6
23,Science Grade 6
28,Chemistry Grade 7
26,English Grade 7
25,Mathematics Grade 7
27,Science Grade 7
32,Advanced Science Grade 8
30,English Grade 8
29,Mathematics Grade 8
31,Science Grade 8
